{"cameraMode":{"drawMode":0,"name":"Shaded","section":"Shading Mode"},"sceneLighting":true,"audioPlay":false,"sceneViewState":{"m_AlwaysRefresh":false,"showFog":true,"showSkybox":true,"showFlares":true,"showImageEffects":true,"showParticleSystems":true,"showVisualEffectGraphs":true,"m_FxEnabled":true},"in2DMode":false,"pivot":{"x":-4.481607437133789,"y":6.795973300933838,"z":-23.45656967163086},"rotation":{"x":-0.29139000177383425,"y":-0.024643661454319955,"z":0.007532930467277765,"w":-0.9561555981636047},"size":1.2002497911453248,"orthographic":false}